bags,88.0,Spring 2020 Bag and Purse Trends - Best Bags for Spring 2020,https://www.harpersbazaar.com/fashion/trends/g28988643/spring-2020-bag-trends/
bomber jackets,16.0,18 Best Bomber Jackets for Men 2021 - Men's Health,https://www.menshealth.com/style/g34212801/best-bomber-jackets-for-men/
leather jackets,46.0,The 15 Best Leather Jackets For Right Now - Harper's Bazaar,https://www.harpersbazaar.com/fashion/trends/g4176/best-leather-jackets/
coats,65.0,"Louis Vuitton just unveiled 3D skyline coats, and they're wild",https://www.today.com/style/louis-vuitton-just-unveiled-3d-skyline-coats-they-re-wild-t207147
coats,94.0,Best Affordable Winter Coats 2018 - Winter Coat Trends to ...,https://www.harpersbazaar.com/fashion/trends/g4702/fall-coat-trends-under-300/
overcoat,45.0,Overcoat :: Midshipmen Uniform Regulations :: USNA,https://www.usna.edu/UniformRegs/Chapter2-DescriptionOfUniforms/outerwear/index.php
overcoat,82.0,Men's Outerwear | Luxury Mens Wool Overcoats & Raincoats ...,https://www.huntsmansavilerow.com/product-category/outerwear/
capes,32.0,Capes and Blankets - Accessories - la Vie en Rose,https://www.lavieenrose.com/en/accessories/capes-and-blankets
cape shawls,39.0,Cape shawl for girls and womens - aliyaz.pk,https://aliyaz.pk/shop/womens-fashion/women-wear/cape-shawls/cap-shawl-for-girls-and-womens/
cape shawls,82.0,Cape vs cloak vs mantle,http://dulichdienbien.xyz/alabama-public-xawlv/cape-vs-cloak-vs-mantle.html
cape shawls,84.0,Crochet hooded cape patterns - Best Websites to Gamble,http://incorpo.websitestogamble.com/covers-and-jarsp/crochet-hooded-cape-patterns.htmlt-shirts,53.0,"Custom T-Shirts - Create, Buy & Sell (Dropship) | Printful",https://www.printful.com/custom/mens/t-shirts
t-shirts,54.0,T Shirts in Pakistan - TechCity.pk,https://techcity.pk/clothings/mens-clothing/t-shirts/
wrist watches,76.0,Wrist Watch Stock Photos And Images - 123RF,https://www.123rf.com/stock-photo/wrist_watch.html
gold rings,41.0,Gold Rings - GURHAN,https://gurhan.com/collections/gold-rings-classic
headwear ,73.0,Original BUFF® | Sports & Lifestyle accessories,https://www.buff.com/
jewelry,10.0,Jewelry - Shop Jewelry Online | JTV.com,https://www.jtv.com/jewelry/_/N-1079030199
neckwear,29.0,"New Collection BUFF® | Neckwarmers, scarves and neckwear ...",https://www.buff.com/tr/neckwear.html
neckwear,98.0,Category:Neckwear - Wikimedia Commons,https://commons.wikimedia.org/wiki/Category:Neckwear
gown,30.0,The Top 20 Wedding Dress Trends of 2020 - Harper's Bazaar,https://www.harpersbazaar.com/wedding/bridal-fashion/g28763422/wedding-dress-trends-2020/
sleepwear,31.0,Women's Pajamas et Loungewear | la Vie en Rose,https://www.lavieenrose.com/en/sleep-lounge
sleepwear,39.0,Casual and luxurious sleepwear collection | Cosabella,https://www.cosabella.com/collections/sleepwear
sleepwear,81.0,Shop for Sleepwear | HUE,https://hue.com/sleepwear/
sweater,69.0,Women's Plus Size Sweaters | Torrid,https://www.torrid.com/clothing/tops/sweaters/
pajamas,20.0,Women's Pajamas et Loungewear | la Vie en Rose,https://www.lavieenrose.com/en/sleep-lounge
pajamas,48.0,Ontario city trying to attract new residents by giving away ...,https://www.blogto.com/city/2021/02/ontario-city-attract-new-residents-free-pajamas/
pajamas,72.0,Doll & Girl Pajamas | American Girl,https://www.americangirl.com/shop/c/pajamas
pajamas,96.0,Plus Size Pajamas and Loungewear for Women | Torrid,https://www.torrid.com/torrid-curve-intimates/sleep-lounge/
swimwear,24.0,Swimwear | Womens Swimwear | Swimsuits | Boux Avenue UK,https://www.bouxavenue.com/swimwear
swimwear,59.0,Plus Size Swimwear | Swimsuits and Bathing Suits | Torrid,https://www.torrid.com/active-swim/swim/
swimwear,69.0,Swimwear and Beachwear | La Vie en Rose,https://www.lavieenrose.com/en/swimwear
bandanas,89.0,Where To Buy Bandanas Online For A Cool Cloth Face Mask,https://www.refinery29.com/en-us/2020/04/9658891/where-to-buy-bandana
hair combs,84.0,How To Style A Hair Comb - Refinery29,https://www.refinery29.com/en-us/hair-combs-hairstyles
hair bands,56.0,hair band - Urban Dictionary,https://www.urbandictionary.com/define.php?term=hair%20band